{
  "dataset_id": "ds_household_power_c79e3e19",
  "horizons": {
    "12h": {
      "mae": 0.5447583328662575,
      "r2": -0.29072028188192034,
      "rmse": 0.7265765144461781,
      "smape": 0.9802600408413891,
      "wape": 0.9220899637629264
    },
    "1h": {
      "mae": 0.43545357324182987,
      "r2": -0.5804863766274526,
      "rmse": 0.616922479197165,
      "smape": 0.9457637047336158,
      "wape": 0.9578279451923676
    },
    "24h": {
      "mae": 0.7008295114341098,
      "r2": -0.1743254998755428,
      "rmse": 0.9463918881346967,
      "smape": 0.9445725628618395,
      "wape": 0.8912048635623306
    },
    "6h": {
      "mae": 0.39287788314285915,
      "r2": -1.5932231591386974,
      "rmse": 0.5317427403992088,
      "smape": 1.1262315990790939,
      "wape": 1.2338829907302822
    }
  },
  "inference_latency_ms": 0.2582000015536323,
  "interval": {
    "average_width_kw": 3.1215713638542355,
    "coverage": 0.9605978260869565,
    "step_average_width_kw": [
      1.4740888139475947,
      1.567883903565614,
      1.615502093149268,
      1.5250732950542285,
      1.8478694195332734,
      1.7306082093197366,
      1.2488006457038547,
      1.5865080227022585,
      1.4559470959331677,
      1.710516307664954,
      2.030942999798319,
      1.7090808230897654,
      1.9637661887251812,
      1.5808697757513628,
      1.5518586169118467,
      1.5611986984377322,
      1.8714397523714148,
      2.003043825211732,
      1.9782224375268687,
      2.280813007251076,
      2.879093675509743,
      2.3266618562781294,
      1.842386209446451,
      1.9206999592159106,
      1.8190921415453372,
      2.181705031705939,
      4.332410895306131,
      3.4653144737948542,
      3.052295044712398,
      3.4376514320788174,
      3.2254674149596174,
      3.1384711809780286,
      2.715971552807352,
      2.905046468195708,
      3.389447694239409,
      3.2554007716800855,
      2.9560438213141067,
      3.231490197389022,
      2.920366295005964,
      2.6510383409002554,
      2.0864756288735764,
      3.3130983995354693,
      2.7862593713014023,
      2.2486314877219824,
      2.3906165957450867,
      2.942870767220207,
      2.6372711865798286,
      3.9061873866164167,
      5.837981262932653,
      4.853316423685654,
      5.293030363062154,
      4.3776064100472825,
      3.695412355920543,
      3.391491280949634,
      2.9217493093532063,
      2.7736524032509844,
      2.8905518936074297,
      4.006111481915349,
      4.697629223699155,
      3.381412977757661,
      2.9067289725593897,
      2.7260181566943293,
      2.8342311071312944,
      4.015324945035188,
      3.1142415689385454,
      2.0014306721479995,
      3.0038974129635356,
      2.392876948999322,
      2.9955889608549033,
      3.5863842679106672,
      4.178985310637432,
      4.203411213729693,
      4.742218681003736,
      3.7875897884368896,
      3.9974886489951094,
      4.823244711627131,
      4.282467614049497,
      4.303906194541765,
      3.6783998893654863,
      3.669440958810889,
      5.102164672768635,
      4.700063542179439,
      5.0259832428849265,
      4.588423969952957,
      4.544682691926542,
      5.001337442709052,
      4.4624317392059,
      5.372529366742009,
      4.548477416453154,
      4.161830383798351,
      3.823549923689469,
      2.512524882088537,
      2.108944815138112,
      4.021755280702011,
      3.185049292833909,
      2.895781644012617
    ],
    "step_coverage": [
      0.8695652173913043,
      0.8695652173913043,
      0.9130434782608695,
      0.9565217391304348,
      0.9130434782608695,
      0.9565217391304348,
      0.8695652173913043,
      0.9565217391304348,
      0.9565217391304348,
      0.9565217391304348,
      1.0,
      1.0,
      1.0,
      1.0,
      1.0,
      1.0,
      1.0,
      1.0,
      1.0,
      1.0,
      1.0,
      1.0,
      1.0,
      0.9130434782608695,
      0.8695652173913043,
      0.9130434782608695,
      1.0,
      1.0,
      0.9565217391304348,
      1.0,
      1.0,
      0.9565217391304348,
      1.0,
      1.0,
      1.0,
      1.0,
      0.9130434782608695,
      1.0,
      1.0,
      1.0,
      0.8695652173913043,
      0.9130434782608695,
      0.9130434782608695,
      0.9130434782608695,
      0.9565217391304348,
      0.9130434782608695,
      0.9565217391304348,
      1.0,
      1.0,
      1.0,
      1.0,
      1.0,
      0.9565217391304348,
      1.0,
      1.0,
      0.9565217391304348,
      0.9130434782608695,
      1.0,
      1.0,
      0.9565217391304348,
      1.0,
      1.0,
      0.9565217391304348,
      1.0,
      1.0,
      0.9565217391304348,
      0.9565217391304348,
      0.9565217391304348,
      0.9565217391304348,
      1.0,
      1.0,
      0.9565217391304348,
      0.9565217391304348,
      0.9565217391304348,
      0.9565217391304348,
      1.0,
      1.0,
      0.8695652173913043,
      0.782608695652174,
      0.9130434782608695,
      1.0,
      1.0,
      1.0,
      1.0,
      0.9565217391304348,
      0.9130434782608695,
      0.9130434782608695,
      0.9565217391304348,
      1.0,
      0.9130434782608695,
      0.9130434782608695,
      0.8695652173913043,
      0.782608695652174,
      0.9565217391304348,
      0.9565217391304348,
      0.9565217391304348
    ]
  },
  "model_id": "mdl_ridge_m4_20260721_104201",
  "preprocess_id": "prep_c79e3e19_cb65036717cf",
  "run_id": "run_m4_20260721_104201_ridge",
  "saved_loaded_inference_consistent": true,
  "schema_version": "1.0",
  "selection": {
    "metric": "validation_mae",
    "trials": [
      {
        "alpha": 0.1,
        "validation_mae": 0.7426315112744406
      },
      {
        "alpha": 1.0,
        "validation_mae": 0.7406686634737222
      },
      {
        "alpha": 10.0,
        "validation_mae": 0.7255698429039007
      }
    ]
  },
  "steps": [
    {
      "mae": 0.4889959592534148,
      "minutes": 15,
      "rmse": 0.6874351576147628,
      "step": 1
    },
    {
      "mae": 0.4120731716570647,
      "minutes": 30,
      "rmse": 0.5923059686521644,
      "step": 2
    },
    {
      "mae": 0.4253967171129973,
      "minutes": 45,
      "rmse": 0.6127496299841977,
      "step": 3
    },
    {
      "mae": 0.41534844494384265,
      "minutes": 60,
      "rmse": 0.5687862655545778,
      "step": 4
    },
    {
      "mae": 0.4256089339437692,
      "minutes": 75,
      "rmse": 0.5931123463398016,
      "step": 5
    },
    {
      "mae": 0.48055152757012326,
      "minutes": 90,
      "rmse": 0.6623814751584295,
      "step": 6
    },
    {
      "mae": 0.4314836581116137,
      "minutes": 105,
      "rmse": 0.572409479564152,
      "step": 7
    },
    {
      "mae": 0.3524438499108605,
      "minutes": 120,
      "rmse": 0.4940261505644132,
      "step": 8
    },
    {
      "mae": 0.31041301171416824,
      "minutes": 135,
      "rmse": 0.3932150916206533,
      "step": 9
    },
    {
      "mae": 0.3759354178024375,
      "minutes": 150,
      "rmse": 0.5612129782849442,
      "step": 10
    },
    {
      "mae": 0.31706663415483805,
      "minutes": 165,
      "rmse": 0.4272575446632794,
      "step": 11
    },
    {
      "mae": 0.29924508929252625,
      "minutes": 180,
      "rmse": 0.36380298157627017,
      "step": 12
    },
    {
      "mae": 0.30602536091338034,
      "minutes": 195,
      "rmse": 0.4104438662956002,
      "step": 13
    },
    {
      "mae": 0.267204183275285,
      "minutes": 210,
      "rmse": 0.36345283944900775,
      "step": 14
    },
    {
      "mae": 0.3533222225049268,
      "minutes": 225,
      "rmse": 0.45548489450054025,
      "step": 15
    },
    {
      "mae": 0.3450817925774533,
      "minutes": 240,
      "rmse": 0.41093258180678416,
      "step": 16
    },
    {
      "mae": 0.3373273423184519,
      "minutes": 255,
      "rmse": 0.44859621831042745,
      "step": 17
    },
    {
      "mae": 0.3169434517621994,
      "minutes": 270,
      "rmse": 0.4267025126188764,