{
  "dataset_id": "ds_household_power_c79e3e19",
  "horizons": {
    "12h": {
      "mae": 0.4455555545206627,
      "r2": -0.3704852061839179,
      "rmse": 0.7486907448617204,
      "smape": 0.6047728385990426,
      "wape": 0.7541735120611611
    },
    "1h": {
      "mae": 0.3935652198674886,
      "r2": -1.357686231694447,
      "rmse": 0.7534912623685112,
      "smape": 0.6011260318475283,
      "wape": 0.8656899127924007
    },
    "24h": {
      "mae": 0.6760529891176122,
      "r2": -0.5487922739332327,
      "rmse": 1.0868593607748955,
      "smape": 0.6921768416835987,
      "wape": 0.859697975181676
    },
    "6h": {
      "mae": 0.23151425357260133,
      "r2": -1.0665126544619188,
      "rmse": 0.4746796989085281,
      "smape": 0.5020016572230355,
      "wape": 0.7270999764855111
    }
  },
  "inference_latency_ms": 0.008000002708286047,
  "interval": {
    "average_width_kw": 3.1822909065825944,
    "coverage": 0.9411231884057971,
    "step_average_width_kw": [
      4.045820275402588,
      2.8783246784106544,
      1.5306260670008867,
      1.8398086759059324,
      1.385165218749772,
      1.447820260796858,
      1.4059420189131862,
      1.4201448080332384,
      1.428110158637814,
      1.34531590277734,
      1.2054144821089248,
      1.2327362331359282,
      1.2086956212702005,
      1.7956637302818506,
      2.0036869512304016,
      0.5084811462008435,
      0.8385217403588088,
      1.2469043485496356,
      1.263739198770212,
      0.818730454729951,
      1.2182840977026068,
      1.4269971368105516,
      0.9008173825948135,
      1.1023709809650546,
      1.249072521277096,
      2.2091998963252357,
      3.1475014382082485,
      2.7629624132228936,
      2.850875470949256,
      3.021066840576089,
      3.24395933099415,
      2.306991365292798,
      3.8517159006517865,
      3.5319361233192943,
      5.541878454711126,
      3.294307358239008,
      3.854701555293539,
      4.2141275755737135,
      4.0994608026483785,
      2.9840176779290903,
      3.1304696286502094,
      3.448811389505863,
      3.362602821510771,
      2.7755710579778836,
      3.176220373614975,
      3.8718087786565656,
      3.2817130354435546,
      4.564452421406041,
      6.100565935606542,
      5.147833740905575,
      5.73866094454475,
      4.24590736012096,
      3.7185738277824028,
      2.7323710254353024,
      3.59017381136832,
      3.377368139831916,
      2.940174061966979,
      4.481976707992346,
      6.0058667358496916,
      4.604701351212419,
      3.8302319075750266,
      3.8473219418007396,
      3.5989854951267657,
      3.5925509197556456,
      2.623767939598664,
      3.0746434518824453,
      3.5793448113228963,
      2.540440602147061,
      2.3900347092877263,
      3.8099593617345975,
      4.119443274710489,
      3.5192950802004854,
      4.090846769835638,
      3.3066077251797137,
      3.651653191965559,
      4.5621565748815955,
      3.9133625335019566,
      3.812521623528522,
      4.336144732392353,
      4.272475386119408,
      6.151861030122508,
      5.501478311160336,
      4.66791881815247,
      5.0575479592966,
      4.3706432561511575,
      5.207918623219365,
      4.069895406780035,
      4.790826166453569,
      4.5217679369708765,
      4.8520465033209845,
      3.1107651254405146,
      2.2191882425028346,
      2.519889714277309,
      3.431205814299376,
      1.956881068970846,
      2.6405855783301853
    ],
    "step_coverage": [
      0.9130434782608695,
      1.0,
      0.9565217391304348,
      1.0,
      0.8695652173913043,
      0.9130434782608695,
      0.7391304347826086,
      0.8695652173913043,
      0.9565217391304348,
      0.9130434782608695,
      1.0,
      1.0,
      1.0,
      1.0,
      1.0,
      1.0,
      1.0,
      0.9565217391304348,
      0.9565217391304348,
      0.8695652173913043,
      0.782608695652174,
      0.9565217391304348,
      0.9130434782608695,
      0.9565217391304348,
      0.9130434782608695,
      0.8695652173913043,
      1.0,
      0.8260869565217391,
      1.0,
      1.0,
      1.0,
      0.9565217391304348,
      1.0,
      1.0,
      1.0,
      1.0,
      1.0,
      1.0,
      1.0,
      0.9565217391304348,
      0.9565217391304348,
      0.8695652173913043,
      0.9565217391304348,
      0.9130434782608695,
      0.8695652173913043,
      0.9565217391304348,
      0.9565217391304348,
      1.0,
      1.0,
      1.0,
      1.0,
      1.0,
      0.9130434782608695,
      0.8695652173913043,
      1.0,
      0.9130434782608695,
      0.8695652173913043,
      1.0,
      1.0,
      1.0,
      1.0,
      1.0,
      0.9565217391304348,
      1.0,
      0.9565217391304348,
      1.0,
      1.0,
      0.9565217391304348,
      0.8695652173913043,
      1.0,
      1.0,
      0.9130434782608695,
      0.8695652173913043,
      0.9130434782608695,
      0.8695652173913043,
      0.9130434782608695,
      0.8260869565217391,
      0.6956521739130435,
      0.8260869565217391,
      0.9130434782608695,
      1.0,
      1.0,
      1.0,
      1.0,
      0.9130434782608695,
      0.9565217391304348,
      0.8695652173913043,
      0.9565217391304348,
      1.0,
      0.9565217391304348,
      0.8260869565217391,
      0.8260869565217391,
      0.9130434782608695,
      0.9130434782608695,
      0.782608695652174,
      0.8695652173913043
    ]
  },
  "model_id": "mdl_seasonal_week_m4_20260721_104201",
  "preprocess_id": "prep_c79e3e19_cb65036717cf",
  "run_id": "run_m4_20260721_104201_seasonal_week",
  "saved_loaded_inference_consistent": true,
  "schema_version": "1.0",
  "selection": {
    "rule": "deterministic baseline"
  },
  "steps": [
    {
      "mae": 0.608834779780844,
      "minutes": 15,
      "rmse": 1.1673941570647197,
      "step": 1
    },
    {
      "mae": 0.4094434847002444,
      "minutes": 30,
      "rmse": 0.6859984047081493,
      "step": 2
    },
    {
      "mae": 0.29822608893332275,
      "minutes": 45,
      "rmse": 0.4992711990360441,
      "step": 3
    },
    {
      "mae": 0.25775652605554333,
      "minutes": 60,
      "rmse": 0.43396044804210926,
      "step": 4
    },
    {
      "mae": 0.2564695710721223,
      "minutes": 75,
      "rmse": 0.4691106826044857,
      "step": 5
    },
    {
      "mae": 0.3224463728458985,
      "minutes": 90,
      "rmse": 0.4836854173131467,
      "step": 6
    },
    {
      "mae": 0.37801160307034204,
      "minutes": 105,
      "rmse": 0.6162262406273189,
      "step": 7
    },
    {
      "mae": 0.29760000433610834,
      "minutes": 120,
      "rmse": 0.5428932175175063,
      "step": 8
    },
    {
      "mae": 0.19518840701683707,
      "minutes": 135,
      "rmse": 0.3863909353305843,
      "step": 9
    },
    {
      "mae": 0.30372174537700153,
      "minutes": 150,
      "rmse": 0.746614404774259,
      "step": 10
    },
    {
      "mae": 0.06657971117807471,
      "minutes": 165,
      "rmse": 0.07846241977349239,
      "step": 11
    },
    {
      "mae": 0.070069568960563,
      "minutes": 180,
      "rmse": 0.07842162619833655,
      "step": 12
    },
    {
      "mae": 0.12188985490280649,
      "minutes": 195,
      "rmse": 0.16353620704523544,
      "step": 13
    },
    {
      "mae": 0.13217391527217368,
      "minutes": 210,
      "rmse": 0.2550273834369934,
      "step": 14
    },
    {
      "mae": 0.2116115980822107,
      "minutes": 225,
      "rmse": 0.48884153043811635,
      "step": 15
    },
    {
      "mae": 0.09241739368957022,
      "minutes": 240,
      "rmse": 0.12188240988115867,
      "step": 16
    },
    {
      "mae": 0.1057333363139111,
      "minutes": 255,
      "rmse": 0.15421511711828928,
      "step": 17
    },
    {
      "mae": 0.12449275475481282,
      "minutes": 270,
      "rmse": 0.24194883418423682,
      "step": 18
    },
    {
      "mae": 0.15521158990652664,
      "minutes": 285,
      "rmse": 0.2900173804587243,
      "step": 19
    },
    {
      "mae": 0.2051768163624017,
      "minutes": 300,