{
  "dataset_id": "ds_household_power_c79e3e19",
  "horizons": {
    "12h": {
      "mae": 0.7178865321439462,
      "r2": -0.5514389131317261,
      "rmse": 0.7965859252849292,
      "smape": 0.9990142754976453,
      "wape": 1.215136926731545
    },
    "1h": {
      "mae": 0.6393951186505349,
      "r2": -1.228338514529319,
      "rmse": 0.7325306489175126,
      "smape": 0.9640275680225696,
      "wape": 1.4064197661847124
    },
    "24h": {
      "mae": 0.7628730435626231,
      "r2": -0.11922345587833494,
      "rmse": 0.9239216948520094,
      "smape": 0.9288586625931767,
      "wape": 0.9701020799086708
    },
    "6h": {
      "mae": 0.7837542022133003,
      "r2": -5.154478591269864,
      "rmse": 0.8191760685915509,
      "smape": 1.1963889522511577,
      "wape": 2.461479814766586
    }
  },
  "inference_latency_ms": 7.471968173980713,
  "interval": {
    "average_width_kw": 3.0285754363605943,
    "coverage": 0.9320652173913043,
    "step_average_width_kw": [
      1.37696373462677,
      1.7236822843551636,
      1.7797422409057617,
      1.8814842700958252,
      2.0363216400146484,
      1.8435752391815186,
      1.766456127166748,
      1.608859658241272,
      2.0945322513580322,
      1.6501034498214722,
      2.05979585647583,
      1.4820455312728882,
      1.988826036453247,
      2.1012086868286133,
      2.0137429237365723,
      1.986584186553955,
      1.7551623582839966,
      1.7046557664871216,
      2.015324592590332,
      2.14443302154541,
      1.621247410774231,
      1.7419660091400146,
      1.8632837533950806,
      1.5679664611816406,
      1.933503270149231,
      2.0597662925720215,
      3.8912035174991773,
      2.1234617596087246,
      2.806782551433729,
      2.220000743865967,
      3.1476348819939988,
      2.7051833531130915,
      3.235536331715791,
      3.1432769531789035,
      2.844289613806683,
      3.148343293563179,
      2.8052353858947754,
      3.2487502720045005,
      2.6073909039082737,
      1.5450397729873657,
      1.2539501190185547,
      3.158142608145009,
      2.824078863081725,
      2.2011769362117932,
      2.5061096108478047,
      3.089709787265114,
      2.5408427093340005,
      3.9941668199456255,
      5.777809562890426,
      4.822577390981757,
      5.248110486113506,
      4.2102855910425605,
      3.3938112258911133,
      3.5044235872185747,
      3.4033583635869236,
      2.924937502197597,
      2.417161868966144,
      5.059640718543011,
      5.606618394022402,
      4.084109656188799,
      3.5953082312708315,
      3.625252073225768,
      3.3390859780104263,
      4.40765364792036,
      2.392049281493477,
      2.746651426605556,
      3.580138569292815,
      2.754642989324487,
      3.0361636151438174,
      4.821132955343827,
      4.413713097572327,
      4.172627988068954,
      4.125919932904451,
      2.914931429469067,
      2.945459142975185,
      3.6968384462854136,
      3.854472466137098,
      3.6398863636929057,
      3.650567728540172,
      3.1884431113367495,
      4.754863808984342,
      4.366787428441255,
      5.090476945690487,
      4.951763816501783,
      4.474847583667092,
      5.560748400895492,
      4.148494186608688,
      4.574288694754891,
      4.22073855607406,
      4.390296096387117,
      3.42623027511265,
      2.1236403843630915,
      2.1088879108428955,
      3.1717121912085493,
      1.8875764608383179,
      1.2965664863586426
    ],
    "step_coverage": [
      0.8260869565217391,
      1.0,
      0.8695652173913043,
      0.9565217391304348,
      0.9130434782608695,
      0.9565217391304348,
      0.8260869565217391,
      0.9565217391304348,
      0.782608695652174,
      0.8695652173913043,
      0.9565217391304348,
      0.8260869565217391,
      0.9130434782608695,
      0.9565217391304348,
      0.8695652173913043,
      0.782608695652174,
      0.8260869565217391,
      0.782608695652174,
      0.9565217391304348,
      0.9130434782608695,
      0.782608695652174,
      1.0,
      0.6956521739130435,
      0.7391304347826086,
      0.9565217391304348,
      0.9565217391304348,
      1.0,
      0.9130434782608695,
      1.0,
      0.9565217391304348,
      0.9565217391304348,
      0.9130434782608695,
      1.0,
      1.0,
      1.0,
      1.0,
      1.0,
      1.0,
      1.0,
      0.782608695652174,
      0.5652173913043478,
      0.9130434782608695,
      0.9130434782608695,
      0.9130434782608695,
      0.9565217391304348,
      0.9130434782608695,
      0.9565217391304348,
      1.0,
      1.0,
      1.0,
      1.0,
      1.0,
      0.9565217391304348,
      1.0,
      1.0,
      0.9565217391304348,
      0.8695652173913043,
      1.0,
      1.0,
      1.0,
      1.0,
      1.0,
      1.0,
      1.0,
      0.9565217391304348,
      0.9565217391304348,
      1.0,
      1.0,
      0.9565217391304348,
      1.0,
      1.0,
      0.9565217391304348,
      0.9565217391304348,
      0.9565217391304348,
      0.9130434782608695,
      0.9565217391304348,
      0.9565217391304348,
      0.9130434782608695,
      0.9130434782608695,
      0.9130434782608695,
      0.9565217391304348,
      1.0,
      1.0,
      1.0,
      0.9565217391304348,
      1.0,
      0.9565217391304348,
      0.9130434782608695,
      0.9565217391304348,
      0.9565217391304348,
      0.9130434782608695,
      0.9130434782608695,
      0.9565217391304348,
      0.9565217391304348,
      0.9130434782608695,
      0.5217391304347826
    ]
  },
  "model_id": "mdl_lstm_m4_20260721_104201",
  "preprocess_id": "prep_c79e3e19_cb65036717cf",
  "run_id": "run_m4_20260721_104201_lstm",
  "saved_loaded_inference_consistent": true,
  "schema_version": "1.0",
  "selection": {
    "early_stopping": true,
    "metric": "validation_mae"
  },
  "steps": [
    {
      "mae": 0.5588894204600997,
      "minutes": 15,
      "rmse": 0.8067441463174733,
      "step": 1
    },
    {
      "mae": 0.5728366854398147,
      "minutes": 30,
      "rmse": 0.6074853546505901,
      "step": 2
    },
    {
      "mae": 0.6819177166275356,
      "minutes": 45,
      "rmse": 0.7235066288861302,
      "step": 3
    },
    {
      "mae": 0.7439366520746894,
      "minutes": 60,
      "rmse": 0.7765746523286825,
      "step": 4
    },
    {
      "mae": 0.825016497593859,
      "minutes": 75,
      "rmse": 0.8669699227589454,
      "step": 5
    },
    {
      "mae": 0.6879233416655789,
      "minutes": 90,
      "rmse": 0.7329011773324461,
      "step": 6
    },
    {
      "mae": 0.7697039862041888,
      "minutes": 105,
      "rmse": 0.7910147796283152,
      "step": 7
    },
    {
      "mae": 0.6595201680193776,
      "minutes": 120,
      "rmse": 0.683323938936292,
      "step": 8
    },
    {
      "mae": 0.9544138723741407,
      "minutes": 135,
      "rmse": 0.9650881495543975,
      "step": 9
    },
    {
      "mae": 0.7759714392216309,
      "minutes": 150,
      "rmse": 0.8079869939756448,
      "step": 10
    },
    {
      "mae": 0.936474570437618,
      "minutes": 165,
      "rmse": 0.9379256271637451,
      "step": 11
    },
    {
      "mae": 0.6754648724327916,
      "minutes": 180,
      "rmse": 0.6798366504166639,
      "step": 12
    },
    {
      "mae": 0.8813422299597574,
      "minutes": 195,
      "rmse": 0.8870738289725796,
      "step": 13
    },
    {
      "mae": 0.9459314595745958,
      "minutes": 210,
      "rmse": 0.9476276161687719,
      "step": 14
    },
    {
      "mae": 0.9370376587561939,
      "minutes": 225,
      "rmse": 0.941320284061738,
      "step": 15
    },
    {
      "mae": 0.9213307337916415,
      "minutes": 240,
      "rmse": 0.9254681972262722,
      "step": 16
    },
    {
      "mae": 0.7759607039068056,
      "minutes": 255,
      "rmse": 0.7878696451004483,
      "step": 17
    },
    {
      "mae": 0.7719592406697895,
      "minutes": 270,
      "rmse": 0.7808624877282382,
      "step": 18
    },
    {
      "mae": 0.8909836064862169,
      "minutes": 285,
      "rmse": 0.9039555616054518,