{
  "dataset_id": "ds_household_power_c79e3e19",
  "horizons": {
    "12h": {
      "mae": 0.6062786776464486,
      "r2": -1.2165177135414873,
      "rmse": 0.9521401780976413,
      "smape": 0.7427471711709615,
      "wape": 1.026222914222954
    },
    "1h": {
      "mae": 0.4178231827428807,
      "r2": -1.1363802619708814,
      "rmse": 0.7172565043585849,
      "smape": 0.5589381426071319,
      "wape": 0.9190479655522205
    },
    "24h": {
      "mae": 0.7327254843371718,
      "r2": -0.6481149833730757,
      "rmse": 1.1211675442565525,
      "smape": 0.7896161704673331,
      "wape": 0.9317651506442678
    },
    "6h": {
      "mae": 0.4766893671231641,
      "r2": -5.616887363057321,
      "rmse": 0.8493926421818851,
      "smape": 0.6724383306015916,
      "wape": 1.497103622250429
    }
  },
  "inference_latency_ms": 0.01409999094903469,
  "interval": {
    "average_width_kw": 3.090936966213411,
    "coverage": 0.9211956521739131,
    "step_average_width_kw": [
      1.4198261690528498,
      1.5049739671142206,
      1.4303130232121632,
      1.474921704310438,
      1.6123478785157204,
      1.8261565549866012,
      1.8151999877198883,
      1.6840347890620646,
      1.8047130635899047,
      1.8322609361747038,
      1.6686956788534704,
      1.668226175658081,
      1.8065913562541422,
      1.7396000374270522,
      1.7255131223279496,
      1.8368000734759413,
      1.7737217943953432,
      1.710017417759999,
      1.7413217357319335,
      1.6996870879893717,
      1.7361566408172897,
      1.7807651819742245,
      1.8076869570042775,
      1.7453913698377816,
      1.7483652632521547,
      1.8141043869697528,
      3.424962272786576,
      2.3555768064182736,
      3.2314319827634357,
      2.6250725735140885,
      3.567710151814896,
      3.0676754878267,
      3.5707711975859557,
      3.5590840432306994,
      3.135292904208536,
      3.472823206173337,
      3.185379713449789,
      3.631431850078313,
      2.953310200377651,
      1.7505566046937653,
      1.6004521649168886,
      2.4515884761577067,
      3.2293449287181315,
      1.8702955929481464,
      2.7774317896236544,
      3.398805805846401,
      2.8081564291015915,
      3.8118669581801994,
      5.5847999644668205,
      4.6335999560744865,
      5.061866958180199,
      4.090133388081322,
      3.8130666804702384,
      3.929466445484887,
      2.9199188283604123,
      3.340231709830139,
      2.677223372394624,
      4.499599893131982,
      5.795066554585229,
      4.28519984010769,
      3.790933330097924,
      3.8202666831405265,
      3.538353568509869,
      4.612266738453637,
      2.7245334448373835,
      3.149066615039888,
      3.7634665561111076,
      3.0420753032616945,
      3.21251017211572,
      5.019066531697045,
      4.618666369953881,
      4.364799697438012,
      4.322799880543481,
      3.1012056816531266,
      3.3733449406597926,
      4.081866700688134,
      4.244000155964623,
      3.391988361335319,
      3.991466481724511,
      3.2747015962782116,
      3.9009334636123283,
      3.586910103650197,
      5.4760000300796134,
      5.338266570606957,
      4.864000041523705,
      5.946133334675561,
      4.541599948445092,
      4.120266635456811,
      4.350133378544579,
      4.045733411350976,
      3.36374484034984,
      2.4499302749400553,
      2.5123305226797643,
      2.658835059598736,
      1.8438434610548227,
      1.777321785364462
    ],
    "step_coverage": [
      0.8260869565217391,
      0.8260869565217391,
      0.8260869565217391,
      0.8695652173913043,
      0.9130434782608695,
      0.8695652173913043,
      0.8695652173913043,
      0.8695652173913043,
      0.8695652173913043,
      0.8695652173913043,
      0.8260869565217391,
      0.8260869565217391,
      0.8260869565217391,
      0.8260869565217391,
      0.8695652173913043,
      0.8260869565217391,
      0.8260869565217391,
      0.8260869565217391,
      0.8260869565217391,
      0.8260869565217391,
      0.8260869565217391,
      0.8260869565217391,
      0.8260869565217391,
      0.8260869565217391,
      0.782608695652174,
      0.782608695652174,
      1.0,
      0.9130434782608695,
      1.0,
      1.0,
      1.0,
      0.9565217391304348,
      1.0,
      1.0,
      1.0,
      1.0,
      1.0,
      1.0,
      0.9565217391304348,
      0.8260869565217391,
      0.8260869565217391,
      0.782608695652174,
      0.9130434782608695,
      0.8260869565217391,
      0.9130434782608695,
      0.9130434782608695,
      0.9565217391304348,
      1.0,
      1.0,
      1.0,
      1.0,
      1.0,
      0.9565217391304348,
      1.0,
      0.9565217391304348,
      0.9130434782608695,
      0.782608695652174,
      1.0,
      1.0,
      1.0,
      1.0,
      1.0,
      1.0,
      1.0,
      0.9565217391304348,
      0.9565217391304348,
      1.0,
      0.9565217391304348,
      0.9130434782608695,
      1.0,
      1.0,
      0.9565217391304348,
      1.0,
      1.0,
      0.9565217391304348,
      1.0,
      0.9565217391304348,
      0.8260869565217391,
      0.9565217391304348,
      0.9130434782608695,
      0.9130434782608695,
      0.9565217391304348,
      1.0,
      1.0,
      0.9565217391304348,
      1.0,
      1.0,
      0.9565217391304348,
      1.0,
      1.0,
      0.9565217391304348,
      0.9130434782608695,
      0.9565217391304348,
      0.9130434782608695,
      0.6956521739130435,
      0.6956521739130435
    ]
  },
  "model_id": "mdl_last_value_m4_20260721_104201",
  "preprocess_id": "prep_c79e3e19_cb65036717cf",
  "run_id": "run_m4_20260721_104201_last_value",
  "saved_loaded_inference_consistent": true,
  "schema_version": "1.0",
  "selection": {
    "rule": "deterministic baseline"
  },
  "steps": [
    {
      "mae": 0.37436521377252496,
      "minutes": 15,
      "rmse": 0.6189083533470979,
      "step": 1
    },
    {
      "mae": 0.4139710084899612,
      "minutes": 30,
      "rmse": 0.657346386957007,
      "step": 2
    },
    {
      "mae": 0.4419014418254728,
      "minutes": 45,
      "rmse": 0.7989119625544038,
      "step": 3
    },
    {
      "mae": 0.441055066883564,
      "minutes": 60,
      "rmse": 0.7774415900747853,
      "step": 4
    },
    {
      "mae": 0.45625507118909253,
      "minutes": 75,
      "rmse": 0.7852201516634444,
      "step": 5
    },
    {
      "mae": 0.46649854338687397,
      "minutes": 90,
      "rmse": 0.7942784608577043,
      "step": 6
    },
    {
      "mae": 0.4544811569478201,
      "minutes": 105,
      "rmse": 0.8124554972684429,
      "step": 7
    },
    {
      "mae": 0.44708405078753183,
      "minutes": 120,
      "rmse": 0.82644773357005,
      "step": 8
    },
    {
      "mae": 0.43398259839285974,
      "minutes": 135,
      "rmse": 0.8207748194080887,
      "step": 9
    },
    {
      "mae": 0.441182609161605,
      "minutes": 150,
      "rmse": 0.8038260985011099,
      "step": 10
    },
    {
      "mae": 0.50747825788415,
      "minutes": 165,
      "rmse": 0.889622543428649,
      "step": 11
    },
    {
      "mae": 0.48717100756323856,
      "minutes": 180,
      "rmse": 0.901116952254362,
      "step": 12
    },
    {
      "mae": 0.45078260548736737,
      "minutes": 195,
      "rmse": 0.8624421882370489,
      "step": 13
    },
    {
      "mae": 0.4882086923588877,
      "minutes": 210,
      "rmse": 0.8751182778587919,
      "step": 14
    },
    {
      "mae": 0.4227304303127786,
      "minutes": 225,
      "rmse": 0.8196740028068075,
      "step": 15
    },
    {
      "mae": 0.47117100623638736,
      "minutes": 240,
      "rmse": 0.8777693102555774,
      "step": 16
    },
    {
      "mae": 0.4989565154132636,
      "minutes": 255,
      "rmse": 0.8867788808718954,
      "step": 17
    },
    {
      "mae": 0.5551941987612973,
      "minutes": 270,
      "rmse": 0.917129728488979,
      "step": 18
    },
    {
      "mae": 0.5482260798630507,
      "minutes": 285,
      "rmse": 0.940802719518658,