{
  "dataset_id": "ds_household_power_c79e3e19",
  "horizons": {
    "12h": {
      "mae": 0.5779496659322277,
      "r2": -0.09377821200330483,
      "rmse": 0.6688518345134076,
      "smape": 0.9164123129152687,
      "wape": 0.9782715644059359
    },
    "1h": {
      "mae": 0.4643818712590829,
      "r2": -0.38112885787168627,
      "rmse": 0.5767031408731818,
      "smape": 0.8251528692723227,
      "wape": 1.0214589128785372
    },
    "24h": {
      "mae": 0.6622307537042577,
      "r2": -0.004579514664796003,
      "rmse": 0.8753241733564365,
      "smape": 0.8702640295421421,
      "wape": 0.8421210278289913
    },
    "6h": {
      "mae": 0.5251140163509526,
      "r2": -1.9106123378142814,
      "rmse": 0.5633441731901782,
      "smape": 1.0157156092620807,
      "wape": 1.6491873958043655
    }
  },
  "inference_latency_ms": 5.263455867767334,
  "interval": {
    "average_width_kw": 2.87378689058233,
    "coverage": 0.9619565217391305,
    "step_average_width_kw": [
      1.3978055896966353,
      1.4043585632158362,
      1.6000381500824639,
      1.4917696455250615,
      1.5183653157690298,
      1.4983646947404612,
      1.4590850913006326,
      1.4984961825868357,
      1.3945392396139062,
      1.5458393667055212,
      1.5321881589682207,
      1.4568615478018057,
      1.6142713712609333,
      1.5373131036758423,
      1.617266947808473,
      1.6252011604931043,
      1.4406939097072766,
      1.588556522908418,
      1.353880454664645,
      1.4067898677743,
      1.5260735283727231,
      1.5871709274209065,
      1.4424804319506106,
      1.4409764201744744,
      1.5141431585602139,
      1.8256650826205378,
      3.7693492122318433,
      2.0014034613319067,
      2.67560817366061,
      2.2681971710661184,
      2.9779616153758504,
      2.604172110557556,
      3.108530044555664,
      2.986334373121676,
      2.7977799669555994,
      3.0551062692766604,
      2.703874593195708,
      3.158790909725687,
      2.4952292442321777,
      1.4194472587626914,
      1.4653190244799075,
      3.100952420545661,
      2.708708371805108,
      2.088251909484034,
      2.4685515268989233,
      3.061053993909255,
      2.4948932891306668,
      3.913272614064424,
      5.669159057347671,
      4.729217373806497,
      5.128242337185403,
      4.182828561119411,
      3.2789768472961756,
      3.414983549843664,
      3.3086998851402947,
      2.8272889800693677,
      2.336075217827507,
      4.968889531881913,
      5.50090747035068,
      3.987432624982751,
      3.5067432989244876,
      3.534129736216172,
      3.2656978809315227,
      4.311381645824598,
      2.273421956145245,
      2.604433427686277,
      3.47377835408501,
      2.654833161312601,
      2.9320578549219216,
      4.739437131778054,
      4.307736710361812,
      4.066001140553018,
      4.017416365768598,
      2.8248647814211636,
      2.8278574036515276,
      3.633564275244008,
      3.763568349506544,
      3.5325781599335047,
      3.522423132606175,
      3.1320571225622427,
      4.666271391122238,
      4.262464300445888,
      4.991746174252552,
      4.86779952308406,
      4.36330755378889,
      5.505234295907228,
      4.079040371853372,
      4.484830252502276,
      4.119051368340202,
      4.3381103769592615,
      3.2979354676992996,
      2.0180609744528066,
      2.055224413457124,
      3.06720792469771,
      1.4687526614769646,
      1.4008391318113909
    ],
    "step_coverage": [
      0.9565217391304348,
      0.9565217391304348,
      1.0,
      1.0,
      1.0,
      1.0,
      0.9565217391304348,
      0.9565217391304348,
      0.9130434782608695,
      0.9565217391304348,
      1.0,
      1.0,
      1.0,
      1.0,
      0.9565217391304348,
      1.0,
      1.0,
      0.9565217391304348,
      0.9565217391304348,
      1.0,
      1.0,
      1.0,
      1.0,
      1.0,
      0.9565217391304348,
      0.8695652173913043,
      1.0,
      0.8260869565217391,
      1.0,
      1.0,
      0.9565217391304348,
      0.9130434782608695,
      1.0,
      1.0,
      1.0,
      1.0,
      1.0,
      1.0,
      1.0,
      0.8695652173913043,
      0.8695652173913043,
      0.9130434782608695,
      0.9130434782608695,
      0.9130434782608695,
      0.9565217391304348,
      0.9130434782608695,
      0.9565217391304348,
      1.0,
      1.0,
      1.0,
      1.0,
      1.0,
      0.9565217391304348,
      1.0,
      1.0,
      0.9565217391304348,
      0.8695652173913043,
      1.0,
      1.0,
      1.0,
      1.0,
      1.0,
      1.0,
      1.0,
      0.9565217391304348,
      0.9565217391304348,
      1.0,
      1.0,
      0.9565217391304348,
      1.0,
      1.0,
      0.9565217391304348,
      0.9565217391304348,
      0.9565217391304348,
      0.8695652173913043,
      0.9565217391304348,
      0.9565217391304348,
      0.8695652173913043,
      0.8695652173913043,
      0.9130434782608695,
      0.9565217391304348,
      1.0,
      1.0,
      1.0,
      0.9565217391304348,
      1.0,
      0.9565217391304348,
      0.9130434782608695,
      0.9565217391304348,
      0.9565217391304348,
      0.9130434782608695,
      0.8695652173913043,
      0.9130434782608695,
      0.9565217391304348,
      0.8695652173913043,
      0.782608695652174
    ]
  },
  "model_id": "mdl_patchtst_m4_20260721_104201",
  "preprocess_id": "prep_c79e3e19_cb65036717cf",
  "run_id": "run_m4_20260721_104201_patchtst",
  "saved_loaded_inference_consistent": true,
  "schema_version": "1.0",
  "selection": {
    "early_stopping": true,
    "metric": "validation_mae"
  },
  "steps": [
    {
      "mae": 0.4960485026240349,
      "minutes": 15,
      "rmse": 0.784290847480875,
      "step": 1
    },
    {
      "mae": 0.3833025395870209,
      "minutes": 30,
      "rmse": 0.4323031726967697,
      "step": 2
    },
    {
      "mae": 0.4968997965688291,
      "minutes": 45,
      "rmse": 0.526027898745596,
      "step": 3
    },
    {
      "mae": 0.48127664625644684,
      "minutes": 60,
      "rmse": 0.5016398448561508,
      "step": 4
    },
    {
      "mae": 0.5449671424601389,
      "minutes": 75,
      "rmse": 0.5552645672706982,
      "step": 5
    },
    {
      "mae": 0.4277053355522778,
      "minutes": 90,
      "rmse": 0.4653129792674469,
      "step": 6
    },
    {
      "mae": 0.5119173261134521,
      "minutes": 105,
      "rmse": 0.5320636184581666,
      "step": 7
    },
    {
      "mae": 0.5154897421598434,
      "minutes": 120,
      "rmse": 0.5432350510882551,
      "step": 8
    },
    {
      "mae": 0.5269642080301824,
      "minutes": 135,
      "rmse": 0.554157057791673,
      "step": 9
    },
    {
      "mae": 0.5890211443538251,
      "minutes": 150,
      "rmse": 0.6767275154146823,
      "step": 10
    },
    {
      "mae": 0.5585835844926212,
      "minutes": 165,
      "rmse": 0.5656443733828661,
      "step": 11
    },
    {
      "mae": 0.5190074430859607,
      "minutes": 180,
      "rmse": 0.5298492554287062,
      "step": 12
    },
    {
      "mae": 0.5785499192450357,
      "minutes": 195,
      "rmse": 0.5902079764459957,
      "step": 13
    },
    {
      "mae": 0.5378421302074972,
      "minutes": 210,
      "rmse": 0.5477754945854761,
      "step": 14
    },
    {
      "mae": 0.6538416578069978,
      "minutes": 225,
      "rmse": 0.6609632793840237,
      "step": 15
    },
    {
      "mae": 0.6245216591202695,
      "minutes": 240,
      "rmse": 0.6319511674140325,
      "step": 16
    },
    {
      "mae": 0.4856387162986009,
      "minutes": 255,
      "rmse": 0.5057727200337624,
      "step": 17
    },
    {
      "mae": 0.6298791668985201,
      "minutes": 270,
      "rmse": 0.6376511621355859,
      "step": 18
    },
    {
      "mae": 0.49243954374738363,
      "minutes": 285,
      "rmse": 0.5106817533617223,
      "step": 19
    },
    {
      "mae": 0.44878607696813083,
      "minutes": 300,
      "rmse": 0.47090140651873197,
      "step": 20
    },
    {
      "mae": 0.5416839692903601,
      "minutes": 315,