{
  "dataset_id": "ds_household_power_c79e3e19",
  "horizons": {
    "12h": {
      "mae": 0.46449867078521545,
      "r2": -0.5266529807661651,
      "rmse": 0.7901971401771759,
      "smape": 0.6364479466643127,
      "wape": 0.786237743732541
    },
    "1h": {
      "mae": 0.40814348132066103,
      "r2": -1.2574790915040093,
      "rmse": 0.737304840588918,
      "smape": 0.6781413133298633,
      "wape": 0.8977563994862982
    },
    "24h": {
      "mae": 0.6462815279222053,
      "r2": -0.4525604189377097,
      "rmse": 1.0525527404394466,
      "smape": 0.6944234257787353,
      "wape": 0.8218393083021801
    },
    "6h": {
      "mae": 0.2341702926526035,
      "r2": -1.0902935884737768,
      "rmse": 0.4774031364494389,
      "smape": 0.5088779930805909,
      "wape": 0.7354416052310974
    }
  },
  "inference_latency_ms": 0.013500000932253897,
  "interval": {
    "average_width_kw": 3.1646658797289473,
    "coverage": 0.9406702898550725,
    "step_average_width_kw": [
      1.5814376910743506,
      1.544092771799668,
      1.0250376126040583,
      1.1374782343273577,
      1.2448811741626782,
      1.3928695531642956,
      1.4299536101196124,
      1.416173973809118,
      1.4856232505129732,
      1.4562028879704683,
      1.2782550075131913,
      1.3631419818038526,
      1.2550260291799256,
      0.8597797093831975,
      0.5226492716566377,
      0.5188985266115355,
      0.6034956853026929,
      0.4984579947979554,
      0.5982434688054997,
      0.697304365751536,
      1.2046667246714882,
      1.3642550473627837,
      0.8409681430329448,
      1.3058956041932106,
      1.7085912791283235,
      2.265953527196594,
      4.399008715930193,
      2.8832752289979355,
      3.4537740965252337,
      2.9324115411094995,
      3.129194246686023,
      3.426771096561266,
      2.668597245022007,
      3.511861071638439,
      6.7403185231530145,
      3.8417159584553344,
      2.5646839822116108,
      3.0347534891055976,
      3.9752117291740747,
      2.6771130937597025,
      1.991936188677083,
      3.536736348077007,
      2.691941975899365,
      2.902701656455579,
      2.5763477747854977,
      3.507721956981265,
      2.892495677522991,
      3.907333429740823,
      6.081713677100513,
      5.153804415270038,
      5.681675453548846,
      4.559026203401711,
      3.612544757840426,
      3.8147245298909103,
      3.8231825478698895,
      3.2898898973413138,
      2.8095304914142774,
      5.307727172322895,
      5.298544654055782,
      4.058863693605298,
      3.47266662703908,
      3.5787073464497277,
      3.4565103002216504,
      4.4643769886182705,
      2.784829067795173,
      2.964440729954968,
      3.7228289917111397,
      2.7422317072101263,
      3.086266675721044,
      4.270110176957172,
      4.530712786576022,
      4.285944222108178,
      4.718759669557862,
      3.6759989747534627,
      3.3520822116862172,
      4.571739045822102,
      4.215738968356796,
      4.528179802324461,
      4.376040534480758,
      3.9839710337312324,
      5.942863796068274,
      5.418840784741485,
      5.535362269567407,
      5.468017571646234,
      5.239472459839738,
      5.74496822901394,
      4.856318867076999,
      5.673275635294292,
      4.454284145132355,
      4.554568246006966,
      4.341976893984753,
      2.6503534906584285,
      2.5899246458126153,
      3.565687147171601,
      1.8760869794565698,
      1.777321785364462
    ],
    "step_coverage": [
      0.9130434782608695,
      0.9130434782608695,
      0.8260869565217391,
      0.8260869565217391,
      0.8260869565217391,
      0.8695652173913043,
      0.8695652173913043,
      0.9130434782608695,
      0.9130434782608695,
      0.9130434782608695,
      1.0,
      1.0,
      1.0,
      1.0,
      0.9130434782608695,
      0.9130434782608695,
      0.9130434782608695,
      0.9130434782608695,
      0.9130434782608695,
      0.9130434782608695,
      0.8695652173913043,
      0.9565217391304348,
      0.9130434782608695,
      1.0,
      0.9565217391304348,
      0.9130434782608695,
      1.0,
      0.8695652173913043,
      1.0,
      1.0,
      0.9565217391304348,
      0.9565217391304348,
      0.9130434782608695,
      1.0,
      1.0,
      1.0,
      0.9565217391304348,
      1.0,
      1.0,
      1.0,
      0.8695652173913043,
      0.8695652173913043,
      0.8695652173913043,
      0.9130434782608695,
      0.9130434782608695,
      0.8260869565217391,
      0.8695652173913043,
      1.0,
      1.0,
      1.0,
      1.0,
      1.0,
      0.8695652173913043,
      1.0,
      1.0,
      0.9130434782608695,
      0.8260869565217391,
      1.0,
      1.0,
      1.0,
      1.0,
      1.0,
      0.9565217391304348,
      1.0,
      0.9565217391304348,
      0.9565217391304348,
      1.0,
      1.0,
      0.9565217391304348,
      1.0,
      1.0,
      0.9130434782608695,
      0.9565217391304348,
      0.9565217391304348,
      0.9130434782608695,
      0.9565217391304348,
      0.9130434782608695,
      1.0,
      0.8695652173913043,
      0.8695652173913043,
      1.0,
      1.0,
      1.0,
      1.0,
      0.9130434782608695,
      0.9565217391304348,
      0.8695652173913043,
      0.8695652173913043,
      1.0,
      0.9565217391304348,
      0.9130434782608695,
      0.9565217391304348,
      1.0,
      0.9130434782608695,
      0.8260869565217391,
      0.6956521739130435
    ]
  },
  "model_id": "mdl_seasonal_day_m4_20260721_104201",
  "preprocess_id": "prep_c79e3e19_cb65036717cf",
  "run_id": "run_m4_20260721_104201_seasonal_day",
  "saved_loaded_inference_consistent": true,
  "schema_version": "1.0",
  "selection": {
    "rule": "deterministic baseline"
  },
  "steps": [
    {
      "mae": 0.6359884019779123,
      "minutes": 15,
      "rmse": 1.1941099058539082,
      "step": 1
    },
    {
      "mae": 0.4014028984567393,
      "minutes": 30,
      "rmse": 0.5774417763959776,
      "step": 2
    },
    {
      "mae": 0.2965043524037237,
      "minutes": 45,
      "rmse": 0.42718639783547707,
      "step": 3
    },
    {
      "mae": 0.2986782724442689,
      "minutes": 60,
      "rmse": 0.48233600419414757,
      "step": 4
    },
    {
      "mae": 0.31402898482654407,
      "minutes": 75,
      "rmse": 0.5219158106572431,
      "step": 5
    },
    {
      "mae": 0.37901449786580127,
      "minutes": 90,
      "rmse": 0.5383358424012815,
      "step": 6
    },
    {
      "mae": 0.3633565287227216,
      "minutes": 105,
      "rmse": 0.6113628544520526,
      "step": 7
    },
    {
      "mae": 0.29262029412000073,
      "minutes": 120,
      "rmse": 0.5381928132694468,
      "step": 8
    },
    {
      "mae": 0.22154782388521277,
      "minutes": 135,
      "rmse": 0.4809013095867367,
      "step": 9
    },
    {
      "mae": 0.28662030010119727,
      "minutes": 150,
      "rmse": 0.7448440625232863,
      "step": 10
    },
    {
      "mae": 0.06346086833788,
      "minutes": 165,
      "rmse": 0.07268351341377438,
      "step": 11
    },
    {
      "mae": 0.08674782838510431,
      "minutes": 180,
      "rmse": 0.10206434556873704,
      "step": 12
    },
    {
      "mae": 0.10511304697264796,
      "minutes": 195,
      "rmse": 0.14036874952268097,
      "step": 13
    },
    {
      "mae": 0.08361159588979639,
      "minutes": 210,
      "rmse": 0.09843555117134771,
      "step": 14
    },
    {
      "mae": 0.18518260769222095,
      "minutes": 225,
      "rmse": 0.4908538166408017,
      "step": 15
    },
    {
      "mae": 0.10226087207379549,
      "minutes": 240,
      "rmse": 0.13608317066522455,
      "step": 16
    },
    {
      "mae": 0.12111304506011632,
      "minutes": 255,
      "rmse": 0.2046976999143463,
      "step": 17
    },
    {
      "mae": 0.15227246543635492,
      "minutes": 270,
      "rmse": 0.31443685465917315,
      "step": 18
    },
    {
      "mae": 0.1702144891023636,
      "minutes": 285,
      "rmse": 0.36469112102118667,